year,state,crop,avg_temp_c,rainfall_mm,co2_ppm,soil_moisture,fertilizer_kg_ha,tech_index,pest_index,yield_t_ha
2000,Maharashtra,Wheat,22.6,883.4,371.9,0.559,117.7,0.193,0.379,3.281
2000,Maharashtra,Rice,21.44,965.1,368.6,0.459,122.4,0.143,0.214,3.583
2000,Maharashtra,Maize,20.78,937.7,367.3,0.412,134.7,0.193,0.303,2.736
2000,Maharashtra,Soybean,21.35,913.3,366.5,0.502,114.0,0.191,0.27,2.235
2000,Maharashtra,Cotton,21.98,773.1,372.5,0.422,122.1,0.141,0.234,1.514
2000,Punjab,Wheat,22.89,920.6,369.7,0.468,105.2,0.178,0.277,3.264
2000,Punjab,Rice,22.41,688.4,371.0,0.463,113.2,0.218,0.352,3.392
2000,Punjab,Maize,20.99,862.9,371.0,0.531,115.2,0.194,0.245,2.846
2000,Punjab,Soybean,22.98,1062.7,369.8,0.533,123.6,0.181,0.318,2.119
2000,Punjab,Cotton,21.96,1087.8,362.1,0.524,120.9,0.191,0.305,1.532
2000,Karnataka,Wheat,21.74,942.9,374.4,0.457,111.9,0.185,0.346,3.256
2000,Karnataka,Rice,21.36,961.6,370.3,0.531,113.0,0.19,0.28,3.499
2000,Karnataka,Maize,22.36,931.3,370.0,0.471,105.8,0.187,0.283,2.664
2000,Karnataka,Soybean,21.81,948.5,375.7,0.491,122.6,0.198,0.204,2.0
2000,Karnataka,Cotton,22.07,1195.6,369.4,0.498,119.7,0.165,0.357,1.917
2000,Gujarat,Wheat,22.95,790.9,374.2,0.413,125.9,0.266,0.25,2.98
2000,Gujarat,Rice,22.12,839.6,365.3,0.486,109.4,0.214,0.254,3.742
2000,Gujarat,Maize,21.06,861.4,372.4,0.421,122.3,0.239,0.22,2.984
2000,Gujarat,Soybean,22.31,993.8,366.3,0.417,125.2,0.209,0.313,1.854
2000,Gujarat,Cotton,21.18,927.9,370.9,0.447,138.7,0.214,0.24,1.918
2000,Uttar Pradesh,Wheat,20.83,994.5,373.5,0.442,129.6,0.212,0.341,3.684
2000,Uttar Pradesh,Rice,21.71,809.6,367.3,0.442,119.2,0.21,0.314,3.57
2000,Uttar Pradesh,Maize,22.02,1074.4,369.2,0.619,126.3,0.174,0.246,3.252
2000,Uttar Pradesh,Soybean,21.73,985.7,371.4,0.479,111.5,0.155,0.278,2.032
2000,Uttar Pradesh,Cotton,22.26,750.5,370.5,0.502,111.2,0.205,0.303,1.324
2000,Madhya Pradesh,Wheat,22.43,967.3,373.2,0.535,106.2,0.172,0.326,3.31
2000,Madhya Pradesh,Rice,22.62,1362.3,371.7,0.539,129.5,0.22,0.284,4.067
2000,Madhya Pradesh,Maize,21.07,871.6,368.5,0.487,143.1,0.144,0.334,2.661
2000,Madhya Pradesh,Soybean,21.43,1030.7,370.2,0.429,112.8,0.22,0.263,2.015
2000,Madhya Pradesh,Cotton,22.05,821.8,376.4,0.514,99.7,0.206,0.267,1.733
2000,Bihar,Wheat,21.05,886.2,371.5,0.526,108.0,0.19,0.276,3.286
2000,Bihar,Rice,24.12,948.6,366.2,0.529,141.2,0.231,0.224,3.44
2000,Bihar,Maize,23.52,815.1,371.3,0.521,110.7,0.198,0.138,2.608
2000,Bihar,Soybean,21.7,750.3,374.9,0.411,115.6,0.204,0.372,1.387
2000,Bihar,Cotton,23.4,901.2,367.1,0.506,122.0,0.182,0.303,1.428
2001,Maharashtra,Wheat,22.17,981.5,377.1,0.45,142.1,0.161,0.302,3.348
2001,Maharashtra,Rice,22.37,827.3,371.7,0.487,114.9,0.245,0.328,3.34
2001,Maharashtra,Maize,23.11,938.9,374.7,0.543,112.5,0.203,0.347,2.849
2001,Maharashtra,Soybean,22.0,916.1,376.1,0.482,126.3,0.214,0.299,2.043
2001,Maharashtra,Cotton,23.02,999.6,376.2,0.513,127.6,0.211,0.326,1.616
2001,Punjab,Wheat,22.15,973.4,369.8,0.616,110.7,0.184,0.368,3.467
2001,Punjab,Rice,22.78,977.4,372.3,0.467,121.6,0.2,0.359,3.418
2001,Punjab,Maize,21.04,863.4,373.5,0.484,112.6,0.227,0.322,2.839
2001,Punjab,Soybean,21.46,929.8,368.0,0.441,113.6,0.214,0.326,2.073
2001,Punjab,Cotton,23.06,882.8,372.2,0.462,120.6,0.211,0.326,1.337
2001,Karnataka,Wheat,22.65,1085.9,372.0,0.532,127.7,0.208,0.321,3.374
2001,Karnataka,Rice,22.15,809.2,372.4,0.537,135.3,0.249,0.418,3.364
2001,Karnataka,Maize,23.08,924.0,378.9,0.471,112.4,0.202,0.204,2.714
2001,Karnataka,Soybean,21.12,920.0,373.3,0.606,130.3,0.203,0.265,2.238
2001,Karnataka,Cotton,20.45,1121.8,375.8,0.488,103.7,0.261,0.304,2.211
2001,Gujarat,Wheat,20.12,830.1,372.3,0.514,116.3,0.239,0.257,3.489
2001,Gujarat,Rice,22.17,963.7,374.4,0.456,105.5,0.258,0.327,3.42
2001,Gujarat,Maize,23.89,915.9,375.8,0.515,141.4,0.273,0.298,2.916
2001,Gujarat,Soybean,22.8,1066.2,369.4,0.546,131.4,0.167,0.251,1.686
2001,Gujarat,Cotton,21.71,988.1,376.8,0.516,137.1,0.179,0.225,1.864
2001,Uttar Pradesh,Wheat,22.49,898.1,366.1,0.507,107.8,0.24,0.328,3.048
2001,Uttar Pradesh,Rice,21.41,774.9,372.1,0.56,110.9,0.235,0.283,3.509
2001,Uttar Pradesh,Maize,21.9,777.8,370.6,0.452,140.4,0.221,0.275,2.829
2001,Uttar Pradesh,Soybean,21.9,875.5,374.1,0.55,115.5,0.203,0.296,1.566
2001,Uttar Pradesh,Cotton,20.21,1066.0,377.2,0.499,126.6,0.229,0.464,2.067
2001,Madhya Pradesh,Wheat,21.88,787.3,367.5,0.522,113.2,0.177,0.278,3.036
2001,Madhya Pradesh,Rice,24.05,1007.8,372.3,0.586,121.6,0.194,0.386,3.506
2001,Madhya Pradesh,Maize,20.79,879.2,369.7,0.443,130.1,0.277,0.24,3.14
2001,Madhya Pradesh,Soybean,21.25,843.5,370.5,0.469,121.3,0.195,0.324,1.837
2001,Madhya Pradesh,Cotton,21.74,793.1,370.6,0.55,125.8,0.191,0.315,1.768
2001,Bihar,Wheat,20.03,967.2,370.3,0.54,113.2,0.166,0.229,3.63
2001,Bihar,Rice,22.34,793.5,374.2,0.429,120.1,0.184,0.277,3.365
2001,Bihar,Maize,21.0,855.9,375.3,0.483,129.2,0.186,0.336,3.118
2001,Bihar,Soybean,19.06,806.4,374.0,0.502,124.5,0.202,0.314,2.116
2001,Bihar,Cotton,23.43,932.5,373.3,0.491,115.9,0.207,0.33,1.413
2002,Maharashtra,Wheat,22.41,1153.0,377.2,0.518,133.6,0.228,0.218,3.41
2002,Maharashtra,Rice,19.82,861.8,374.7,0.618,124.9,0.233,0.361,3.585
2002,Maharashtra,Maize,22.34,996.5,370.2,0.591,125.0,0.228,0.352,3.332
2002,Maharashtra,Soybean,22.28,933.8,373.2,0.492,129.9,0.214,0.324,1.784
2002,Maharashtra,Cotton,22.63,944.0,377.7,0.509,118.9,0.211,0.298,1.698
2002,Punjab,Wheat,22.97,793.3,377.2,0.602,125.7,0.296,0.281,3.103
2002,Punjab,Rice,19.93,1083.5,376.6,0.531,124.4,0.206,0.442,3.902
2002,Punjab,Maize,22.19,991.1,376.0,0.545,113.7,0.254,0.414,3.097
2002,Punjab,Soybean,23.97,842.7,371.6,0.528,122.2,0.273,0.235,1.962
2002,Punjab,Cotton,21.87,852.8,371.6,0.451,129.8,0.242,0.256,1.479
2002,Karnataka,Wheat,21.66,1104.3,373.8,0.459,119.1,0.232,0.185,3.536
2002,Karnataka,Rice,21.78,987.5,380.1,0.59,118.9,0.207,0.449,3.648
2002,Karnataka,Maize,22.08,901.1,375.2,0.527,115.9,0.224,0.318,2.799
2002,Karnataka,Soybean,21.2,916.8,373.8,0.609,95.1,0.273,0.382,1.725
2002,Karnataka,Cotton,21.65,859.4,370.4,0.495,110.5,0.293,0.367,1.85
2002,Gujarat,Wheat,22.93,768.5,373.0,0.559,109.4,0.261,0.308,3.08
2002,Gujarat,Rice,22.91,957.3,373.5,0.592,110.8,0.258,0.35,3.546
2002,Gujarat,Maize,22.45,753.9,377.4,0.525,116.4,0.271,0.285,2.575
2002,Gujarat,Soybean,20.19,976.7,370.8,0.622,100.8,0.291,0.331,2.277
2002,Gujarat,Cotton,21.41,951.9,374.5,0.589,122.7,0.245,0.302,1.913
2002,Uttar Pradesh,Wheat,22.43,698.8,370.6,0.571,123.3,0.234,0.321,3.201
2002,Uttar Pradesh,Rice,21.41,810.6,375.2,0.485,125.7,0.189,0.371,3.553
2002,Uttar Pradesh,Maize,22.37,1021.9,379.6,0.585,103.2,0.202,0.289,3.002
2002,Uttar Pradesh,Soybean,22.68,816.9,375.2,0.496,115.5,0.198,0.274,1.52
2002,Uttar Pradesh,Cotton,20.89,1030.4,371.8,0.666,126.5,0.246,0.277,2.273
2002,Madhya Pradesh,Wheat,21.37,918.6,382.3,0.529,133.1,0.219,0.318,3.682
2002,Madhya Pradesh,Rice,21.31,1121.5,376.7,0.506,127.9,0.269,0.351,3.621
2002,Madhya Pradesh,Maize,21.19,874.3,374.4,0.565,123.4,0.2,0.339,3.081
2002,Madhya Pradesh,Soybean,22.73,1033.7,377.1,0.557,120.9,0.19,0.341,1.939
2002,Madhya Pradesh,Cotton,22.39,750.8,371.4,0.587,121.2,0.26,0.321,1.635
2002,Bihar,Wheat,23.19,842.1,374.9,0.511,117.3,0.231,0.331,3.006
2002,Bihar,Rice,23.57,796.6,374.0,0.512,136.1,0.246,0.372,3.087
2002,Bihar,Maize,22.38,1010.8,374.8,0.587,116.4,0.282,0.435,2.893
2002,Bihar,Soybean,21.53,1078.4,379.3,0.508,117.4,0.232,0.253,1.999
2002,Bihar,Cotton,20.86,811.9,374.5,0.546,137.1,0.21,0.369,1.732
2003,Maharashtra,Wheat,22.03,987.0,373.5,0.566,124.1,0.275,0.344,3.803
2003,Maharashtra,Rice,21.32,842.3,375.0,0.519,116.0,0.296,0.401,3.513
2003,Maharashtra,Maize,21.09,962.6,375.2,0.579,124.4,0.215,0.407,3.31
2003,Maharashtra,Soybean,21.35,859.5,377.8,0.564,129.0,0.32,0.321,1.961
2003,Maharashtra,Cotton,20.43,818.3,376.8,0.637,117.2,0.267,0.329,2.15
2003,Punjab,Wheat,25.12,842.3,375.4,0.599,129.2,0.315,0.359,2.965
2003,Punjab,Rice,22.8,1039.0,379.4,0.573,133.1,0.295,0.399,3.777
2003,Punjab,Maize,21.89,923.6,380.5,0.506,126.1,0.248,0.331,3.119
2003,Punjab,Soybean,22.32,911.6,372.8,0.585,128.9,0.325,0.315,2.071
2003,Punjab,Cotton,22.39,1095.3,376.6,0.561,128.5,0.266,0.308,1.938
2003,Karnataka,Wheat,23.38,782.8,377.3,0.512,134.4,0.214,0.302,3.114
2003,Karnataka,Rice,23.97,898.1,375.2,0.641,107.9,0.194,0.352,3.343
2003,Karnataka,Maize,20.86,991.0,377.6,0.519,109.6,0.286,0.363,3.073
2003,Karnataka,Soybean,24.31,777.6,372.3,0.513,121.9,0.267,0.318,1.596
2003,Karnataka,Cotton,20.59,1079.3,376.7,0.603,125.8,0.274,0.358,2.185
2003,Gujarat,Wheat,22.86,1065.5,377.5,0.583,121.5,0.303,0.296,3.751
2003,Gujarat,Rice,22.04,734.3,377.3,0.513,130.8,0.24,0.308,3.205
2003,Gujarat,Maize,21.55,615.1,372.1,0.585,130.3,0.273,0.282,2.878
2003,Gujarat,Soybean,22.09,767.0,381.4,0.591,120.2,0.261,0.34,1.565
2003,Gujarat,Cotton,21.79,824.2,373.9,0.533,140.4,0.279,0.301,1.855
2003,Uttar Pradesh,Wheat,23.77,1017.0,377.1,0.515,129.4,0.272,0.375,3.267
2003,Uttar Pradesh,Rice,23.35,841.8,380.9,0.557,143.2,0.239,0.417,3.428
2003,Uttar Pradesh,Maize,21.31,847.9,375.9,0.568,127.6,0.243,0.329,3.331
2003,Uttar Pradesh,Soybean,24.16,958.4,377.0,0.553,128.5,0.229,0.317,1.489
2003,Uttar Pradesh,Cotton,22.57,983.7,375.5,0.626,110.1,0.216,0.341,1.926
2003,Madhya Pradesh,Wheat,24.11,850.9,380.1,0.545,120.7,0.287,0.363,2.805
2003,Madhya Pradesh,Rice,23.86,1071.6,375.0,0.567,127.3,0.268,0.302,3.523
2003,Madhya Pradesh,Maize,22.06,1046.7,378.5,0.529,130.1,0.175,0.387,2.669
2003,Madhya Pradesh,Soybean,21.66,771.6,373.0,0.605,117.7,0.27,0.328,2.025
2003,Madhya Pradesh,Cotton,22.18,752.0,379.9,0.523,106.8,0.247,0.405,1.596
2003,Bihar,Wheat,21.67,864.1,375.9,0.651,126.2,0.273,0.382,3.488
2003,Bihar,Rice,21.78,882.4,376.7,0.545,129.7,0.262,0.367,3.627
2003,Bihar,Maize,22.18,666.2,379.6,0.565,132.4,0.173,0.434,2.594
2003,Bihar,Soybean,23.42,781.2,378.7,0.495,116.2,0.317,0.32,1.693
2003,Bihar,Cotton,23.13,965.5,377.4,0.565,146.4,0.258,0.34,1.88
2004,Maharashtra,Wheat,23.45,1050.4,381.1,0.492,139.5,0.246,0.355,3.116
2004,Maharashtra,Rice,22.04,947.5,380.2,0.571,139.3,0.294,0.328,3.916
2004,Maharashtra,Maize,23.55,760.7,381.0,0.585,120.2,0.321,0.332,2.757
2004,Maharashtra,Soybean,21.91,909.9,375.9,0.478,139.1,0.255,0.29,1.622
2004,Maharashtra,Cotton,21.35,749.2,384.1,0.6,116.3,0.348,0.389,1.726
2004,Punjab,Wheat,19.12,1182.9,375.0,0.467,133.4,0.353,0.409,3.931
2004,Punjab,Rice,22.83,1010.4,381.5,0.564,124.2,0.278,0.302,3.657
2004,Punjab,Maize,20.09,896.2,376.2,0.494,125.0,0.322,0.386,2.877
2004,Punjab,Soybean,20.93,1020.9,376.3,0.538,128.7,0.251,0.345,1.951
2004,Punjab,Cotton,21.4,946.4,374.4,0.572,123.0,0.297,0.351,2.099
2004,Karnataka,Wheat,22.27,856.5,379.6,0.577,123.7,0.281,0.305,3.258
2004,Karnataka,Rice,20.44,1117.9,375.5,0.515,116.0,0.307,0.325,4.184
2004,Karnataka,Maize,21.31,941.5,376.7,0.657,111.3,0.289,0.372,3.219
2004,Karnataka,Soybean,21.9,892.4,379.3,0.542,132.8,0.346,0.312,1.848
2004,Karnataka,Cotton,22.01,1217.6,376.8,0.631,140.0,0.263,0.368,2.347
2004,Gujarat,Wheat,21.67,883.6,377.5,0.499,116.7,0.243,0.342,3.164
2004,Gujarat,Rice,22.4,721.3,380.2,0.591,103.3,0.291,0.401,3.25
2004,Gujarat,Maize,24.13,958.3,377.1,0.547,128.8,0.282,0.367,2.596
2004,Gujarat,Soybean,22.32,738.4,378.9,0.504,115.8,0.317,0.395,1.793
2004,Gujarat,Cotton,20.81,870.0,382.8,0.557,146.4,0.292,0.35,1.889
2004,Uttar Pradesh,Wheat,22.28,889.7,381.3,0.597,115.3,0.24,0.248,3.486
2004,Uttar Pradesh,Rice,20.8,649.7,380.4,0.674,123.1,0.305,0.344,3.754
2004,Uttar Pradesh,Maize,23.22,873.2,380.0,0.566,116.5,0.31,0.331,2.715
2004,Uttar Pradesh,Soybean,22.76,800.2,379.3,0.549,134.1,0.294,0.339,1.943
2004,Uttar Pradesh,Cotton,23.79,974.9,379.2,0.484,112.5,0.271,0.31,1.496
2004,Madhya Pradesh,Wheat,22.19,971.6,379.0,0.574,123.8,0.221,0.293,3.397
2004,Madhya Pradesh,Rice,20.67,980.0,383.8,0.61,121.1,0.325,0.347,3.932
2004,Madhya Pradesh,Maize,21.38,871.7,378.0,0.558,124.8,0.28,0.362,3.182
2004,Madhya Pradesh,Soybean,23.26,729.8,371.5,0.596,109.5,0.273,0.281,1.473
2004,Madhya Pradesh,Cotton,22.77,999.1,377.5,0.42,117.7,0.292,0.266,1.682
2004,Bihar,Wheat,22.1,977.5,379.6,0.501,135.2,0.275,0.339,3.231
2004,Bihar,Rice,21.59,801.8,378.7,0.635,109.5,0.232,0.414,3.568
2004,Bihar,Maize,21.32,1032.8,377.4,0.641,130.0,0.265,0.448,3.069
2004,Bihar,Soybean,23.01,943.9,383.1,0.628,123.5,0.257,0.363,1.828
2004,Bihar,Cotton,24.54,924.4,378.1,0.559,109.7,0.251,0.4,1.281
2005,Maharashtra,Wheat,20.89,974.4,385.1,0.577,134.0,0.277,0.279,3.886
2005,Maharashtra,Rice,21.76,879.9,385.5,0.569,128.6,0.365,0.318,3.935
2005,Maharashtra,Maize,22.22,942.2,386.1,0.566,129.4,0.332,0.332,2.925
2005,Maharashtra,Soybean,20.9,674.0,387.7,0.486,121.8,0.292,0.365,1.944
2005,Maharashtra,Cotton,23.18,840.0,381.0,0.555,121.5,0.348,0.375,1.706
2005,Punjab,Wheat,22.95,1050.8,382.0,0.476,128.0,0.28,0.324,3.392
2005,Punjab,Rice,23.64,912.6,382.4,0.626,126.4,0.378,0.378,3.352
2005,Punjab,Maize,23.05,955.7,385.4,0.575,122.6,0.263,0.34,2.768
2005,Punjab,Soybean,21.45,980.6,386.5,0.561,112.0,0.313,0.41,1.956
2005,Punjab,Cotton,21.99,911.8,379.1,0.573,122.8,0.313,0.306,1.788
2005,Karnataka,Wheat,23.02,865.3,386.7,0.521,126.2,0.328,0.279,3.013
2005,Karnataka,Rice,20.32,1061.5,379.8,0.669,118.4,0.306,0.427,4.366
2005,Karnataka,Maize,24.62,1055.0,384.6,0.571,131.8,0.283,0.309,2.843
2005,Karnataka,Soybean,21.95,855.6,383.6,0.589,124.9,0.344,0.293,2.047
2005,Karnataka,Cotton,21.29,686.0,381.3,0.535,139.1,0.319,0.299,2.034
2005,Gujarat,Wheat,23.62,979.9,380.8,0.493,120.3,0.333,0.444,3.335
2005,Gujarat,Rice,21.56,775.6,381.9,0.453,127.2,0.296,0.327,3.29
2005,Gujarat,Maize,22.77,846.1,378.0,0.397,123.7,0.353,0.433,2.547
2005,Gujarat,Soybean,21.43,966.3,378.5,0.556,131.7,0.337,0.345,2.115
2005,Gujarat,Cotton,21.1,810.8,380.8,0.559,133.1,0.276,0.425,1.708
2005,Uttar Pradesh,Wheat,22.12,820.3,374.2,0.585,131.4,0.292,0.353,3.411
2005,Uttar Pradesh,Rice,20.27,846.5,383.9,0.478,126.9,0.259,0.373,3.695
2005,Uttar Pradesh,Maize,20.21,1049.8,379.3,0.5,126.0,0.334,0.299,3.329
2005,Uttar Pradesh,Soybean,22.66,993.2,382.0,0.523,115.7,0.303,0.296,1.526
2005,Uttar Pradesh,Cotton,22.67,1018.5,374.4,0.49,130.2,0.362,0.351,1.659
2005,Madhya Pradesh,Wheat,21.93,1075.0,379.6,0.501,119.2,0.271,0.356,3.663
2005,Madhya Pradesh,Rice,22.54,879.7,380.6,0.463,132.8,0.298,0.341,3.986
2005,Madhya Pradesh,Maize,22.51,819.8,380.2,0.598,125.1,0.257,0.396,2.727
2005,Madhya Pradesh,Soybean,24.4,1039.6,380.2,0.605,124.7,0.326,0.374,1.731
2005,Madhya Pradesh,Cotton,21.38,1033.6,380.5,0.521,114.4,0.313,0.453,1.653
2005,Bihar,Wheat,22.18,1079.5,381.3,0.564,113.4,0.313,0.341,3.652
2005,Bihar,Rice,23.57,1220.7,383.2,0.557,125.9,0.289,0.367,3.682
2005,Bihar,Maize,22.35,1068.1,378.5,0.598,137.2,0.296,0.244,3.145
2005,Bihar,Soybean,23.71,907.3,378.5,0.516,132.4,0.316,0.338,1.713
2005,Bihar,Cotton,21.68,799.3,386.3,0.525,136.2,0.346,0.4,1.65
2006,Maharashtra,Wheat,22.66,909.1,381.1,0.539,113.0,0.356,0.337,3.347
2006,Maharashtra,Rice,22.52,880.9,385.6,0.499,133.5,0.28,0.366,3.81
2006,Maharashtra,Maize,20.98,830.7,385.3,0.531,128.3,0.335,0.392,3.18
2006,Maharashtra,Soybean,22.67,883.0,385.8,0.617,123.5,0.291,0.415,1.872
2006,Maharashtra,Cotton,19.57,1013.7,382.2,0.518,128.1,0.326,0.395,2.035
2006,Punjab,Wheat,22.8,880.9,386.0,0.553,115.4,0.353,0.333,3.425
2006,Punjab,Rice,22.62,1132.6,383.1,0.505,124.6,0.311,0.4,3.449
2006,Punjab,Maize,20.92,783.9,386.7,0.608,123.8,0.315,0.364,3.252
2006,Punjab,Soybean,21.07,940.6,386.7,0.547,126.7,0.35,0.225,2.372
2006,Punjab,Cotton,21.4,692.3,385.3,0.591,123.4,0.349,0.441,1.88
2006,Karnataka,Wheat,24.15,1001.1,384.0,0.442,122.3,0.295,0.469,2.923
2006,Karnataka,Rice,22.33,978.2,383.9,0.607,118.6,0.326,0.323,3.598
2006,Karnataka,Maize,21.45,907.6,382.5,0.488,110.7,0.318,0.285,3.127
2006,Karnataka,Soybean,22.28,737.1,382.9,0.485,128.0,0.36,0.266,1.876
2006,Karnataka,Cotton,21.99,992.6,384.4,0.485,121.6,0.296,0.414,1.705
2006,Gujarat,Wheat,24.46,904.7,381.7,0.447,106.8,0.272,0.373,2.952
2006,Gujarat,Rice,20.28,1019.4,382.4,0.53,140.9,0.347,0.347,3.887
2006,Gujarat,Maize,19.6,825.7,383.2,0.473,123.5,0.322,0.349,3.026
2006,Gujarat,Soybean,22.38,965.0,380.5,0.593,123.8,0.321,0.395,2.036
2006,Gujarat,Cotton,23.32,946.5,382.0,0.54,113.4,0.323,0.358,1.594
2006,Uttar Pradesh,Wheat,22.03,686.2,382.2,0.527,126.4,0.289,0.423,2.968
2006,Uttar Pradesh,Rice,23.34,963.3,381.9,0.611,112.9,0.348,0.41,3.493
2006,Uttar Pradesh,Maize,23.85,882.0,384.7,0.535,123.5,0.344,0.4,2.444
2006,Uttar Pradesh,Soybean,23.75,712.5,386.9,0.579,113.9,0.308,0.305,1.641
2006,Uttar Pradesh,Cotton,21.81,1005.6,387.7,0.592,119.2,0.314,0.276,1.877
2006,Madhya Pradesh,Wheat,23.34,1105.9,380.1,0.493,124.5,0.328,0.32,3.418
2006,Madhya Pradesh,Rice,21.61,910.3,385.4,0.523,120.4,0.317,0.356,3.638
2006,Madhya Pradesh,Maize,21.87,1103.8,385.5,0.508,131.8,0.31,0.419,3.116
2006,Madhya Pradesh,Soybean,22.05,965.7,379.1,0.466,112.9,0.324,0.447,2.158
2006,Madhya Pradesh,Cotton,22.95,972.1,378.4,0.495,116.9,0.301,0.352,1.56
2006,Bihar,Wheat,19.8,1001.7,380.6,0.534,145.5,0.292,0.233,3.793
2006,Bihar,Rice,23.5,1147.0,380.1,0.547,120.1,0.317,0.492,3.334
2006,Bihar,Maize,22.48,968.1,387.1,0.527,127.9,0.308,0.373,2.882
2006,Bihar,Soybean,22.93,867.6,384.9,0.521,136.1,0.318,0.271,2.097
2006,Bihar,Cotton,21.09,833.5,382.0,0.591,103.4,0.414,0.413,1.901
2007,Maharashtra,Wheat,22.14,948.3,387.7,0.528,131.2,0.343,0.36,3.383
2007,Maharashtra,Rice,21.98,1050.1,387.9,0.349,132.2,0.346,0.369,3.531
2007,Maharashtra,Maize,23.56,1027.7,383.8,0.516,115.9,0.299,0.339,2.966
2007,Maharashtra,Soybean,23.35,975.6,388.3,0.522,119.2,0.353,0.41,1.928
2007,Maharashtra,Cotton,23.64,999.0,387.2,0.549,125.3,0.314,0.362,1.545
2007,Punjab,Wheat,21.4,896.7,383.7,0.48,106.7,0.346,0.37,3.217
2007,Punjab,Rice,23.0,1026.5,381.3,0.458,117.9,0.312,0.411,3.452
2007,Punjab,Maize,21.89,673.5,388.0,0.434,126.2,0.348,0.438,2.432
2007,Punjab,Soybean,18.59,936.1,391.5,0.558,127.7,0.325,0.41,2.249
2007,Punjab,Cotton,22.78,974.7,389.3,0.634,129.5,0.325,0.369,1.588
2007,Karnataka,Wheat,21.38,864.9,384.5,0.503,117.4,0.374,0.37,3.387
2007,Karnataka,Rice,21.82,932.6,388.6,0.452,119.0,0.331,0.303,3.538
2007,Karnataka,Maize,21.64,1018.9,386.9,0.505,134.1,0.336,0.39,3.054
2007,Karnataka,Soybean,22.53,844.1,378.8,0.489,139.8,0.368,0.418,1.996
2007,Karnataka,Cotton,22.32,937.7,384.2,0.48,131.8,0.376,0.363,1.675
2007,Gujarat,Wheat,22.21,986.1,381.8,0.381,120.1,0.303,0.345,3.187
2007,Gujarat,Rice,21.67,1088.3,387.1,0.511,131.8,0.306,0.422,3.759
2007,Gujarat,Maize,23.01,785.4,381.4,0.537,129.4,0.313,0.327,2.95
2007,Gujarat,Soybean,20.78,1111.1,383.4,0.528,122.3,0.358,0.343,2.283
2007,Gujarat,Cotton,22.26,793.7,388.3,0.47,123.3,0.31,0.242,1.636
2007,Uttar Pradesh,Wheat,25.11,1008.2,386.0,0.483,125.8,0.356,0.311,3.255
2007,Uttar Pradesh,Rice,23.07,1000.2,387.4,0.497,132.3,0.358,0.352,3.534
2007,Uttar Pradesh,Maize,22.33,1099.9,382.4,0.422,127.2,0.342,0.379,2.987
2007,Uttar Pradesh,Soybean,21.94,1092.8,381.3,0.454,124.6,0.291,0.361,2.248
2007,Uttar Pradesh,Cotton,22.24,941.7,382.3,0.465,121.8,0.33,0.434,1.7
2007,Madhya Pradesh,Wheat,20.88,943.6,387.6,0.553,141.4,0.31,0.329,3.417
2007,Madhya Pradesh,Rice,21.93,970.0,389.1,0.492,122.4,0.345,0.328,4.033
2007,Madhya Pradesh,Maize,20.28,936.2,392.2,0.496,123.7,0.329,0.361,3.363
2007,Madhya Pradesh,Soybean,19.56,1098.0,381.8,0.482,121.3,0.358,0.29,2.503
2007,Madhya Pradesh,Cotton,24.64,750.4,386.7,0.463,129.9,0.341,0.338,1.358
2007,Bihar,Wheat,24.38,891.1,388.3,0.431,116.0,0.354,0.444,2.933
2007,Bihar,Rice,21.83,913.9,382.3,0.526,134.4,0.326,0.346,3.756
2007,Bihar,Maize,21.69,906.1,392.4,0.483,122.0,0.321,0.407,2.871
2007,Bihar,Soybean,21.43,1072.6,390.4,0.466,106.9,0.37,0.336,2.232
2007,Bihar,Cotton,19.85,1021.1,382.5,0.532,125.7,0.311,0.35,2.219
2008,Maharashtra,Wheat,22.37,986.1,394.3,0.386,142.6,0.363,0.335,3.105
2008,Maharashtra,Rice,22.01,1026.6,388.0,0.54,111.9,0.36,0.317,3.867
2008,Maharashtra,Maize,23.3,865.5,380.6,0.474,130.8,0.372,0.442,2.521
2008,Maharashtra,Soybean,23.06,1059.1,383.1,0.48,121.4,0.358,0.397,1.811
2008,Maharashtra,Cotton,21.43,920.1,385.1,0.41,133.2,0.326,0.413,1.738
2008,Punjab,Wheat,20.17,834.7,392.0,0.415,121.8,0.374,0.419,3.334
2008,Punjab,Rice,21.52,1086.7,393.6,0.513,127.3,0.336,0.338,3.961
2008,Punjab,Maize,22.74,1084.2,390.4,0.389,136.9,0.33,0.361,2.916
2008,Punjab,Soybean,24.63,1289.2,390.2,0.455,131.7,0.387,0.364,2.196
2008,Punjab,Cotton,22.52,975.7,390.4,0.485,134.8,0.341,0.352,1.582
2008,Karnataka,Wheat,22.77,1009.5,389.8,0.548,126.3,0.38,0.325,3.399
2008,Karnataka,Rice,23.07,1017.9,387.5,0.461,111.2,0.349,0.425,3.563
2008,Karnataka,Maize,22.84,922.0,388.4,0.431,133.4,0.373,0.405,2.695
2008,Karnataka,Soybean,19.66,1047.7,387.0,0.421,133.3,0.348,0.433,2.291
2008,Karnataka,Cotton,23.06,752.1,392.0,0.477,122.7,0.364,0.291,1.604
2008,Gujarat,Wheat,21.0,753.7,383.8,0.52,120.1,0.406,0.353,3.154
2008,Gujarat,Rice,20.9,1064.3,387.9,0.437,128.0,0.375,0.436,4.007
2008,Gujarat,Maize,21.81,756.9,387.2,0.477,116.8,0.331,0.397,2.753
2008,Gujarat,Soybean,22.28,825.0,387.7,0.418,135.3,0.391,0.288,1.732
2008,Gujarat,Cotton,20.44,838.0,388.1,0.392,117.2,0.33,0.39,1.703
2008,Uttar Pradesh,Wheat,21.37,937.2,386.8,0.451,143.1,0.4,0.315,3.631
2008,Uttar Pradesh,Rice,23.21,778.2,390.9,0.541,115.2,0.332,0.431,3.396
2008,Uttar Pradesh,Maize,22.9,956.9,389.6,0.398,136.9,0.395,0.369,2.806
2008,Uttar Pradesh,Soybean,20.4,977.7,390.1,0.461,137.6,0.35,0.408,1.982
2008,Uttar Pradesh,Cotton,22.21,895.1,389.1,0.446,125.1,0.385,0.358,1.44
2008,Madhya Pradesh,Wheat,24.34,1081.8,384.5,0.499,121.4,0.368,0.395,3.147
2008,Madhya Pradesh,Rice,21.3,833.1,385.7,0.423,125.7,0.339,0.414,3.748
2008,Madhya Pradesh,Maize,21.54,944.7,389.9,0.488,127.2,0.382,0.404,2.827
2008,Madhya Pradesh,Soybean,23.28,1022.5,386.1,0.466,133.2,0.354,0.434,2.155
2008,Madhya Pradesh,Cotton,21.3,750.3,389.3,0.5,124.1,0.404,0.313,1.898
2008,Bihar,Wheat,21.51,1122.3,394.4,0.426,120.9,0.386,0.361,3.508
2008,Bihar,Rice,22.27,685.6,388.4,0.43,121.5,0.403,0.317,3.553
2008,Bihar,Maize,21.91,882.4,390.8,0.481,132.1,0.389,0.363,2.872
2008,Bihar,Soybean,20.94,817.0,397.2,0.526,112.9,0.32,0.404,2.037
2008,Bihar,Cotton,22.9,885.4,388.0,0.481,127.3,0.293,0.369,1.426
2009,Maharashtra,Wheat,22.48,1276.2,391.8,0.415,136.4,0.394,0.411,3.592
2009,Maharashtra,Rice,24.74,782.3,392.1,0.385,132.8,0.352,0.369,3.051
2009,Maharashtra,Maize,23.44,1028.2,387.0,0.434,120.1,0.342,0.379,2.715
2009,Maharashtra,Soybean,25.18,970.0,386.6,0.403,137.4,0.443,0.311,1.363
2009,Maharashtra,Cotton,24.52,964.8,388.1,0.458,100.8,0.38,0.406,1.517
2009,Punjab,Wheat,21.05,928.3,387.9,0.444,118.2,0.368,0.34,3.53
2009,Punjab,Rice,23.3,889.8,390.8,0.359,124.2,0.378,0.521,3.022
2009,Punjab,Maize,24.03,1037.6,391.5,0.519,130.9,0.392,0.387,3.04
2009,Punjab,Soybean,23.59,842.9,386.7,0.421,119.2,0.378,0.452,1.473
2009,Punjab,Cotton,22.22,925.0,393.2,0.319,121.1,0.386,0.45,1.39
2009,Karnataka,Wheat,20.02,992.4,388.8,0.371,121.0,0.374,0.36,3.184
2009,Karnataka,Rice,23.35,1071.0,392.7,0.374,125.2,0.38,0.42,3.542
2009,Karnataka,Maize,21.39,927.8,392.1,0.504,134.2,0.404,0.394,3.289
2009,Karnataka,Soybean,22.76,814.7,394.9,0.466,122.8,0.366,0.405,1.785
2009,Karnataka,Cotton,22.51,955.4,395.8,0.485,129.1,0.408,0.338,1.848
2009,Gujarat,Wheat,24.44,891.8,388.2,0.398,116.3,0.356,0.371,2.69
2009,Gujarat,Rice,22.29,1026.3,388.0,0.507,132.3,0.411,0.357,3.914
2009,Gujarat,Maize,20.96,1024.8,391.2,0.459,115.4,0.353,0.42,2.909
2009,Gujarat,Soybean,22.83,753.9,393.2,0.369,132.7,0.399,0.355,1.721
2009,Gujarat,Cotton,22.58,853.3,387.7,0.333,130.7,0.333,0.395,1.364
2009,Uttar Pradesh,Wheat,23.08,881.8,389.7,0.468,130.6,0.389,0.413,2.926
2009,Uttar Pradesh,Rice,23.18,991.5,387.6,0.419,126.8,0.376,0.407,3.676
2009,Uttar Pradesh,Maize,23.57,760.5,392.6,0.497,131.1,0.413,0.491,2.743
2009,Uttar Pradesh,Soybean,22.57,1043.4,391.1,0.432,123.7,0.427,0.349,2.21
2009,Uttar Pradesh,Cotton,22.87,750.1,391.8,0.326,133.5,0.407,0.36,1.394
2009,Madhya Pradesh,Wheat,24.61,857.3,387.5,0.505,146.8,0.38,0.441,3.199
2009,Madhya Pradesh,Rice,21.38,859.8,394.4,0.515,132.8,0.354,0.489,3.531
2009,Madhya Pradesh,Maize,21.87,959.1,395.4,0.474,131.3,0.394,0.392,3.083
2009,Madhya Pradesh,Soybean,19.23,882.4,391.4,0.373,131.1,0.374,0.478,2.274
2009,Madhya Pradesh,Cotton,21.71,899.9,390.5,0.408,129.2,0.357,0.333,1.802
2009,Bihar,Wheat,23.03,821.5,393.4,0.399,129.7,0.405,0.388,3.137
2009,Bihar,Rice,21.65,894.4,390.1,0.394,125.4,0.334,0.365,3.496
2009,Bihar,Maize,21.96,889.0,390.5,0.455,135.9,0.361,0.33,2.789
2009,Bihar,Soybean,21.69,875.8,388.4,0.366,122.6,0.385,0.42,1.689
2009,Bihar,Cotton,21.77,806.8,390.6,0.389,132.9,0.326,0.372,1.596
2010,Maharashtra,Wheat,22.52,1243.2,394.0,0.35,127.0,0.347,0.396,3.224
2010,Maharashtra,Rice,23.4,854.1,392.6,0.368,145.4,0.39,0.492,3.361
2010,Maharashtra,Maize,22.88,964.2,394.2,0.303,125.2,0.425,0.398,2.474
2010,Maharashtra,Soybean,22.24,1124.5,396.7,0.397,137.5,0.389,0.315,1.935
2010,Maharashtra,Cotton,24.18,887.1,392.3,0.385,147.0,0.449,0.511,1.301
2010,Punjab,Wheat,22.65,738.0,397.4,0.341,130.2,0.367,0.371,2.84
2010,Punjab,Rice,21.57,855.3,391.4,0.442,117.0,0.407,0.461,3.454
2010,Punjab,Maize,21.44,892.3,396.5,0.41,122.7,0.415,0.345,3.065
2010,Punjab,Soybean,22.79,883.1,390.5,0.356,133.3,0.437,0.368,1.812
2010,Punjab,Cotton,19.8,849.8,392.9,0.354,118.6,0.38,0.415,1.731
2010,Karnataka,Wheat,19.61,665.5,391.2,0.423,100.5,0.385,0.374,3.528
2010,Karnataka,Rice,21.84,966.0,393.4,0.293,135.7,0.406,0.425,4.069
2010,Karnataka,Maize,19.8,1127.0,392.1,0.414,127.5,0.387,0.372,3.364
2010,Karnataka,Soybean,20.48,1010.1,391.8,0.343,123.5,0.438,0.373,2.138
2010,Karnataka,Cotton,21.42,1011.0,395.1,0.492,126.2,0.42,0.405,2.11
2010,Gujarat,Wheat,21.44,1009.4,392.4,0.397,128.9,0.408,0.394,3.434
2010,Gujarat,Rice,24.19,1038.3,395.6,0.377,119.1,0.429,0.444,3.545
2010,Gujarat,Maize,21.58,892.5,388.1,0.38,138.0,0.386,0.432,2.808
2010,Gujarat,Soybean,22.69,782.3,393.3,0.25,126.1,0.351,0.46,1.501
2010,Gujarat,Cotton,22.86,1102.5,390.2,0.487,137.3,0.393,0.457,1.596
2010,Uttar Pradesh,Wheat,21.31,847.0,391.4,0.347,140.2,0.392,0.418,3.13
2010,Uttar Pradesh,Rice,20.12,952.4,387.3,0.396,114.3,0.46,0.446,3.794
2010,Uttar Pradesh,Maize,23.82,818.4,394.6,0.41,130.6,0.438,0.437,2.613
2010,Uttar Pradesh,Soybean,20.31,804.8,392.6,0.405,116.7,0.472,0.476,2.026
2010,Uttar Pradesh,Cotton,22.39,894.5,390.1,0.404,130.6,0.363,0.417,1.527
2010,Madhya Pradesh,Wheat,20.01,816.8,391.8,0.494,133.6,0.36,0.424,3.247
2010,Madhya Pradesh,Rice,23.6,863.5,392.7,0.466,115.1,0.358,0.371,3.518
2010,Madhya Pradesh,Maize,20.48,580.1,391.6,0.427,140.0,0.386,0.379,3.001
2010,Madhya Pradesh,Soybean,20.06,873.4,393.6,0.422,122.9,0.401,0.276,2.08
2010,Madhya Pradesh,Cotton,22.84,802.1,393.2,0.422,124.6,0.405,0.352,1.494
2010,Bihar,Wheat,23.03,938.8,391.2,0.411,135.1,0.339,0.458,3.02
2010,Bihar,Rice,22.81,1063.7,388.9,0.364,125.1,0.376,0.487,3.295
2010,Bihar,Maize,21.63,944.5,389.4,0.38,131.2,0.39,0.395,2.815
2010,Bihar,Soybean,20.48,958.6,398.3,0.401,130.3,0.421,0.337,2.404
2010,Bihar,Cotton,22.54,1115.8,390.8,0.491,135.8,0.417,0.412,1.834
2011,Maharashtra,Wheat,23.77,938.8,389.4,0.318,126.9,0.429,0.407,3.154
2011,Maharashtra,Rice,19.99,939.2,389.8,0.412,127.9,0.433,0.367,4.071
2011,Maharashtra,Maize,23.58,992.0,394.9,0.403,121.7,0.446,0.492,2.828
2011,Maharashtra,Soybean,21.45,965.4,391.4,0.403,133.3,0.364,0.352,1.941
2011,Maharashtra,Cotton,21.97,776.9,396.5,0.387,126.9,0.397,0.462,1.716
2011,Punjab,Wheat,21.75,848.5,396.8,0.356,127.4,0.442,0.315,3.483
2011,Punjab,Rice,22.42,872.6,395.0,0.372,111.5,0.465,0.412,3.508
2011,Punjab,Maize,23.47,799.5,396.7,0.361,137.3,0.356,0.405,2.424
2011,Punjab,Soybean,22.85,978.4,393.2,0.339,127.7,0.393,0.452,1.617
2011,Punjab,Cotton,18.84,877.0,392.2,0.293,116.4,0.423,0.476,1.843
2011,Karnataka,Wheat,21.6,976.7,393.9,0.34,117.3,0.367,0.391,3.259
2011,Karnataka,Rice,22.21,872.1,392.5,0.405,115.6,0.443,0.36,3.428
2011,Karnataka,Maize,20.57,861.8,398.2,0.4,138.6,0.436,0.355,3.022
2011,Karnataka,Soybean,21.39,1081.7,391.7,0.419,137.7,0.475,0.39,2.273
2011,Karnataka,Cotton,25.07,847.9,390.7,0.28,135.9,0.364,0.391,1.143
2011,Gujarat,Wheat,22.55,973.1,396.0,0.438,119.3,0.4,0.371,3.41
2011,Gujarat,Rice,23.41,976.1,398.9,0.315,145.5,0.466,0.447,3.643
2011,Gujarat,Maize,20.34,859.1,393.1,0.41,118.3,0.443,0.479,3.065
2011,Gujarat,Soybean,22.67,803.5,392.8,0.437,136.6,0.419,0.389,1.462
2011,Gujarat,Cotton,21.04,1151.4,391.5,0.384,138.9,0.382,0.419,2.064
2011,Uttar Pradesh,Wheat,22.34,1266.2,390.3,0.427,127.1,0.443,0.432,3.414
2011,Uttar Pradesh,Rice,22.6,699.1,397.1,0.389,135.2,0.452,0.428,3.346
2011,Uttar Pradesh,Maize,21.27,836.5,398.9,0.446,126.4,0.421,0.365,3.154
2011,Uttar Pradesh,Soybean,23.13,1154.9,392.7,0.355,131.1,0.439,0.399,1.76
2011,Uttar Pradesh,Cotton,23.39,1008.5,392.6,0.442,140.5,0.424,0.414,1.723
2011,Madhya Pradesh,Wheat,21.3,925.6,388.8,0.418,113.2,0.465,0.393,3.359
2011,Madhya Pradesh,Rice,21.58,887.4,399.6,0.25,141.6,0.43,0.35,3.337
2011,Madhya Pradesh,Maize,24.34,808.5,391.8,0.431,132.2,0.392,0.421,2.349
2011,Madhya Pradesh,Soybean,23.65,1049.4,396.9,0.392,146.4,0.42,0.351,1.916
2011,Madhya Pradesh,Cotton,24.83,800.2,394.2,0.395,128.3,0.391,0.466,1.494
2011,Bihar,Wheat,22.57,813.5,390.7,0.387,139.8,0.434,0.41,3.038
2011,Bihar,Rice,21.02,1022.2,398.0,0.297,144.7,0.437,0.48,3.422
2011,Bihar,Maize,20.69,904.1,396.8,0.464,135.9,0.413,0.359,3.324
2011,Bihar,Soybean,21.17,1117.4,394.4,0.454,135.6,0.416,0.384,2.167
2011,Bihar,Cotton,22.84,931.3,393.5,0.366,129.6,0.356,0.433,1.312
2012,Maharashtra,Wheat,20.98,721.5,392.2,0.289,122.5,0.499,0.394,3.185
2012,Maharashtra,Rice,22.84,939.7,397.4,0.297,144.1,0.494,0.336,3.359
2012,Maharashtra,Maize,22.02,808.3,399.1,0.321,151.3,0.476,0.431,2.903
2012,Maharashtra,Soybean,23.69,856.3,395.2,0.361,138.2,0.444,0.341,1.543
2012,Maharashtra,Cotton,22.27,914.9,403.5,0.288,134.7,0.485,0.534,1.388
2012,Punjab,Wheat,22.95,992.4,398.2,0.352,134.0,0.364,0.454,3.096
2012,Punjab,Rice,22.09,1169.6,395.6,0.337,149.5,0.415,0.392,3.707
2012,Punjab,Maize,23.37,948.9,393.7,0.33,123.5,0.438,0.441,2.676
2012,Punjab,Soybean,20.23,1051.7,398.4,0.426,134.0,0.473,0.443,2.439
2012,Punjab,Cotton,22.99,912.3,404.4,0.402,135.3,0.402,0.356,1.636
2012,Karnataka,Wheat,22.53,850.3,398.0,0.437,136.6,0.406,0.414,3.068
2012,Karnataka,Rice,21.89,874.4,396.2,0.294,128.3,0.423,0.274,3.845
2012,Karnataka,Maize,23.67,878.8,397.7,0.299,146.6,0.497,0.428,2.744
2012,Karnataka,Soybean,22.57,763.6,396.4,0.364,125.1,0.433,0.415,1.613
2012,Karnataka,Cotton,22.42,796.7,395.4,0.293,139.4,0.377,0.478,1.519
2012,Gujarat,Wheat,22.0,611.6,396.5,0.354,119.5,0.425,0.497,2.969
2012,Gujarat,Rice,21.25,732.3,396.6,0.346,134.6,0.424,0.446,3.712
2012,Gujarat,Maize,23.34,918.2,397.1,0.339,141.4,0.421,0.422,2.652
2012,Gujarat,Soybean,21.76,759.3,398.6,0.354,134.6,0.424,0.481,1.53
2012,Gujarat,Cotton,24.41,714.3,398.9,0.381,121.6,0.453,0.484,0.801
2012,Uttar Pradesh,Wheat,22.96,624.8,394.7,0.439,123.8,0.405,0.41,3.245
2012,Uttar Pradesh,Rice,20.16,797.8,402.1,0.45,128.6,0.403,0.525,3.871
2012,Uttar Pradesh,Maize,23.17,826.5,397.5,0.349,132.9,0.484,0.464,2.436
2012,Uttar Pradesh,Soybean,24.01,961.6,399.7,0.43,118.5,0.439,0.393,1.468
2012,Uttar Pradesh,Cotton,22.78,1225.4,392.1,0.355,136.0,0.444,0.414,1.594
2012,Madhya Pradesh,Wheat,22.64,833.2,391.0,0.417,139.2,0.442,0.431,3.315
2012,Madhya Pradesh,Rice,22.63,1032.5,396.7,0.423,132.8,0.446,0.356,3.726
2012,Madhya Pradesh,Maize,21.36,847.4,395.2,0.304,150.8,0.48,0.516,2.579
2012,Madhya Pradesh,Soybean,22.45,768.8,395.5,0.311,142.0,0.428,0.473,1.649
2012,Madhya Pradesh,Cotton,25.12,746.5,401.4,0.414,119.9,0.47,0.437,1.134
2012,Bihar,Wheat,21.37,837.7,403.7,0.357,137.4,0.416,0.381,3.428
2012,Bihar,Rice,20.74,874.2,397.7,0.363,127.8,0.452,0.455,3.728
2012,Bihar,Maize,21.18,889.9,401.2,0.402,115.9,0.451,0.321,3.029
2012,Bihar,Soybean,24.64,810.3,395.1,0.395,114.2,0.421,0.45,1.294
2012,Bihar,Cotton,22.08,1013.3,398.9,0.37,126.2,0.451,0.414,1.78
2013,Maharashtra,Wheat,21.79,904.1,396.9,0.348,122.3,0.427,0.443,3.209
2013,Maharashtra,Rice,23.33,874.3,401.1,0.378,134.8,0.435,0.437,3.397
2013,Maharashtra,Maize,22.4,675.6,400.4,0.461,126.8,0.438,0.449,2.718
2013,Maharashtra,Soybean,23.82,775.1,402.1,0.38,129.0,0.47,0.481,1.615
2013,Maharashtra,Cotton,21.02,1024.4,399.7,0.354,131.1,0.455,0.49,1.76
2013,Punjab,Wheat,21.05,878.8,400.4,0.412,136.4,0.434,0.554,3.298
2013,Punjab,Rice,23.92,907.8,401.5,0.392,142.6,0.492,0.474,3.297
2013,Punjab,Maize,21.7,965.9,402.7,0.339,141.1,0.504,0.384,2.855
2013,Punjab,Soybean,22.22,962.9,398.3,0.418,134.6,0.461,0.358,1.788
2013,Punjab,Cotton,22.73,670.1,402.9,0.342,162.8,0.529,0.421,1.44
2013,Karnataka,Wheat,23.58,1130.4,395.0,0.261,124.2,0.477,0.455,3.231
2013,Karnataka,Rice,20.95,648.1,402.5,0.309,110.2,0.464,0.47,3.292
2013,Karnataka,Maize,21.84,906.9,398.8,0.283,123.3,0.476,0.446,2.759
2013,Karnataka,Soybean,21.2,904.2,393.4,0.359,144.7,0.416,0.401,1.983
2013,Karnataka,Cotton,23.89,872.2,397.8,0.252,131.4,0.521,0.444,1.274
2013,Gujarat,Wheat,22.78,924.7,397.5,0.391,132.7,0.461,0.381,3.426
2013,Gujarat,Rice,23.19,859.6,402.9,0.325,122.6,0.437,0.341,3.42
2013,Gujarat,Maize,20.19,778.6,393.7,0.346,128.9,0.45,0.378,2.779
2013,Gujarat,Soybean,22.95,859.9,400.8,0.306,132.2,0.499,0.459,1.555
2013,Gujarat,Cotton,22.7,897.1,399.9,0.334,128.8,0.466,0.38,1.395
2013,Uttar Pradesh,Wheat,20.72,734.0,396.2,0.358,121.5,0.475,0.432,2.933
2013,Uttar Pradesh,Rice,23.18,1023.3,396.9,0.371,121.8,0.463,0.367,3.261
2013,Uttar Pradesh,Maize,21.93,911.2,398.7,0.291,126.4,0.468,0.428,2.78
2013,Uttar Pradesh,Soybean,21.59,1066.6,396.4,0.374,142.2,0.474,0.42,1.982
2013,Uttar Pradesh,Cotton,23.63,755.2,397.0,0.33,142.8,0.471,0.382,1.301
2013,Madhya Pradesh,Wheat,21.65,840.8,402.8,0.282,146.5,0.485,0.485,3.054
2013,Madhya Pradesh,Rice,22.21,754.0,398.3,0.375,143.4,0.427,0.412,3.387
2013,Madhya Pradesh,Maize,20.72,997.0,397.7,0.34,125.9,0.436,0.43,2.966
2013,Madhya Pradesh,Soybean,21.94,838.6,400.9,0.433,131.8,0.49,0.36,1.977
2013,Madhya Pradesh,Cotton,21.07,748.8,397.7,0.41,139.9,0.467,0.353,1.732
2013,Bihar,Wheat,22.75,947.1,394.4,0.306,129.8,0.476,0.32,3.184
2013,Bihar,Rice,22.56,1028.0,402.0,0.379,122.4,0.403,0.41,3.684
2013,Bihar,Maize,24.06,1011.3,401.2,0.369,124.8,0.456,0.513,2.441
2013,Bihar,Soybean,24.33,887.4,403.9,0.28,136.3,0.438,0.359,1.526
2013,Bihar,Cotton,23.6,824.6,395.4,0.346,129.5,0.476,0.477,1.306
2014,Maharashtra,Wheat,24.65,954.9,401.2,0.274,128.6,0.47,0.488,2.863
2014,Maharashtra,Rice,21.0,948.7,404.2,0.431,140.1,0.503,0.443,3.864
2014,Maharashtra,Maize,23.92,768.1,401.2,0.315,135.0,0.517,0.41,2.144
2014,Maharashtra,Soybean,21.93,1037.6,403.8,0.376,128.4,0.442,0.466,1.782
2014,Maharashtra,Cotton,25.04,996.5,400.5,0.324,130.3,0.473,0.496,1.266
2014,Punjab,Wheat,21.54,1154.9,402.3,0.393,125.1,0.491,0.456,3.226
2014,Punjab,Rice,24.84,1082.9,401.0,0.299,134.7,0.483,0.458,3.282
2014,Punjab,Maize,23.03,1101.7,403.9,0.302,144.8,0.529,0.598,2.554
2014,Punjab,Soybean,22.71,678.1,403.9,0.327,150.4,0.457,0.356,1.552
2014,Punjab,Cotton,20.05,1018.1,396.0,0.356,110.4,0.47,0.522,1.88
2014,Karnataka,Wheat,21.38,924.3,402.3,0.378,117.5,0.498,0.305,3.357
2014,Karnataka,Rice,21.83,1004.0,402.3,0.284,121.4,0.486,0.436,3.442
2014,Karnataka,Maize,21.84,1011.5,400.6,0.35,152.9,0.437,0.347,3.134
2014,Karnataka,Soybean,21.61,889.8,399.9,0.341,147.2,0.504,0.483,1.644
2014,Karnataka,Cotton,21.04,587.3,399.8,0.402,136.4,0.473,0.439,1.446
2014,Gujarat,Wheat,22.67,1019.9,397.4,0.369,140.5,0.468,0.475,3.652
2014,Gujarat,Rice,22.29,975.2,400.0,0.363,135.8,0.486,0.389,3.647
2014,Gujarat,Maize,24.17,981.8,405.1,0.342,138.7,0.488,0.392,2.725
2014,Gujarat,Soybean,21.23,852.1,402.8,0.369,119.3,0.512,0.469,1.764
2014,Gujarat,Cotton,20.57,910.6,400.9,0.36,127.6,0.42,0.421,1.723
2014,Uttar Pradesh,Wheat,23.18,844.2,407.2,0.259,144.3,0.473,0.483,2.917
2014,Uttar Pradesh,Rice,23.79,881.5,398.9,0.425,130.1,0.487,0.502,3.168
2014,Uttar Pradesh,Maize,23.13,857.2,401.8,0.358,116.2,0.457,0.508,2.679
2014,Uttar Pradesh,Soybean,22.34,957.2,401.3,0.422,129.2,0.487,0.497,1.74
2014,Uttar Pradesh,Cotton,24.29,744.3,407.1,0.335,128.8,0.423,0.417,1.016
2014,Madhya Pradesh,Wheat,21.69,911.5,405.1,0.364,134.3,0.447,0.396,3.571
2014,Madhya Pradesh,Rice,21.54,1126.7,401.5,0.354,141.9,0.518,0.434,3.757
2014,Madhya Pradesh,Maize,22.35,968.6,404.9,0.354,137.4,0.529,0.459,2.917
2014,Madhya Pradesh,Soybean,20.6,612.3,403.4,0.349,126.1,0.487,0.437,1.922
2014,Madhya Pradesh,Cotton,22.52,838.4,405.2,0.343,136.5,0.466,0.408,1.539
2014,Bihar,Wheat,22.44,985.6,401.4,0.262,126.9,0.504,0.425,3.114
2014,Bihar,Rice,23.6,842.6,397.6,0.346,126.4,0.451,0.431,3.32
2014,Bihar,Maize,22.41,964.8,407.6,0.337,134.0,0.465,0.398,2.75
2014,Bihar,Soybean,21.85,971.1,409.2,0.318,127.0,0.478,0.46,1.869
2014,Bihar,Cotton,23.96,636.8,395.0,0.329,142.2,0.433,0.29,1.348
2015,Maharashtra,Wheat,22.74,799.2,401.5,0.32,133.1,0.481,0.475,2.556
2015,Maharashtra,Rice,21.42,794.9,403.7,0.342,140.0,0.444,0.452,3.554
2015,Maharashtra,Maize,24.68,872.2,405.5,0.278,108.1,0.525,0.45,2.547
2015,Maharashtra,Soybean,20.8,992.4,410.1,0.39,134.8,0.5,0.371,2.374
2015,Maharashtra,Cotton,21.72,990.5,399.8,0.31,146.4,0.49,0.523,1.625
2015,Punjab,Wheat,20.24,1037.0,402.7,0.404,132.3,0.454,0.458,3.896
2015,Punjab,Rice,23.04,923.1,407.7,0.379,134.1,0.467,0.462,3.579
2015,Punjab,Maize,21.45,1100.9,404.2,0.324,142.0,0.491,0.488,2.958
2015,Punjab,Soybean,22.38,989.2,405.4,0.269,120.8,0.528,0.443,1.683
2015,Punjab,Cotton,20.82,800.4,398.4,0.364,126.0,0.471,0.447,1.724
2015,Karnataka,Wheat,24.96,748.6,408.0,0.417,124.2,0.506,0.427,2.87
2015,Karnataka,Rice,24.26,1002.7,406.0,0.347,117.2,0.494,0.51,3.016
2015,Karnataka,Maize,21.18,945.2,401.5,0.329,127.8,0.459,0.401,3.042
2015,Karnataka,Soybean,20.88,738.3,402.6,0.405,130.0,0.486,0.452,1.618
2015,Karnataka,Cotton,23.04,976.0,403.3,0.419,120.7,0.534,0.458,1.591
2015,Gujarat,Wheat,22.43,917.1,408.2,0.315,124.4,0.531,0.42,3.32
2015,Gujarat,Rice,24.49,881.8,406.5,0.311,139.5,0.506,0.474,3.069
2015,Gujarat,Maize,20.46,990.4,398.3,0.353,141.4,0.506,0.547,3.174
2015,Gujarat,Soybean,21.67,933.3,404.4,0.29,122.6,0.483,0.348,1.887
2015,Gujarat,Cotton,22.15,729.3,405.7,0.404,134.3,0.49,0.48,1.61
2015,Uttar Pradesh,Wheat,22.82,831.0,405.3,0.428,126.0,0.563,0.424,3.234
2015,Uttar Pradesh,Rice,21.64,956.8,399.3,0.341,121.1,0.504,0.5,3.635
2015,Uttar Pradesh,Maize,19.6,1175.0,405.4,0.33,133.6,0.505,0.417,3.377
2015,Uttar Pradesh,Soybean,21.72,881.5,402.4,0.297,133.5,0.518,0.476,1.897
2015,Uttar Pradesh,Cotton,22.84,866.1,407.0,0.301,123.0,0.471,0.504,1.492
2015,Madhya Pradesh,Wheat,23.03,1058.6,401.9,0.386,130.7,0.525,0.444,3.236
2015,Madhya Pradesh,Rice,23.1,1035.1,402.5,0.366,121.4,0.425,0.46,3.521
2015,Madhya Pradesh,Maize,22.76,696.1,403.4,0.258,145.7,0.467,0.513,2.547
2015,Madhya Pradesh,Soybean,21.37,794.1,405.6,0.326,133.0,0.486,0.361,1.525
2015,Madhya Pradesh,Cotton,22.72,862.6,402.8,0.403,143.7,0.492,0.433,1.68
2015,Bihar,Wheat,20.82,956.8,406.2,0.403,112.6,0.477,0.406,3.475
2015,Bihar,Rice,23.03,1109.6,403.0,0.344,143.5,0.509,0.513,3.579
2015,Bihar,Maize,21.06,770.0,399.8,0.402,143.9,0.555,0.492,3.099
2015,Bihar,Soybean,21.75,791.2,407.1,0.39,133.1,0.512,0.466,2.007
2015,Bihar,Cotton,24.0,995.3,407.0,0.394,127.4,0.523,0.38,1.746
2016,Maharashtra,Wheat,21.05,966.3,404.3,0.42,132.5,0.472,0.481,3.341
2016,Maharashtra,Rice,23.54,932.2,408.0,0.344,126.9,0.506,0.503,3.561
2016,Maharashtra,Maize,21.51,1061.2,400.3,0.332,123.2,0.479,0.381,3.081
2016,Maharashtra,Soybean,22.22,977.5,408.9,0.405,139.4,0.518,0.401,2.162
2016,Maharashtra,Cotton,21.77,819.7,406.3,0.347,128.6,0.53,0.477,1.444
2016,Punjab,Wheat,21.89,1060.9,408.3,0.496,144.6,0.554,0.391,3.781
2016,Punjab,Rice,22.42,865.9,407.3,0.439,137.8,0.494,0.497,3.426
2016,Punjab,Maize,22.74,895.6,406.1,0.43,122.4,0.578,0.369,2.858
2016,Punjab,Soybean,22.92,1002.1,406.5,0.389,136.9,0.513,0.53,1.92
2016,Punjab,Cotton,23.53,816.1,406.6,0.377,122.7,0.531,0.433,1.529
2016,Karnataka,Wheat,21.2,1138.3,404.1,0.403,140.7,0.503,0.503,3.365
2016,Karnataka,Rice,24.22,933.7,405.0,0.377,140.9,0.502,0.423,3.331
2016,Karnataka,Maize,21.07,1150.5,405.1,0.434,134.9,0.49,0.46,3.346
2016,Karnataka,Soybean,22.25,1075.2,409.9,0.438,128.2,0.488,0.429,2.075
2016,Karnataka,Cotton,23.13,671.4,406.8,0.4,130.0,0.559,0.481,1.58
2016,Gujarat,Wheat,22.22,1044.5,411.7,0.458,121.9,0.512,0.443,3.518
2016,Gujarat,Rice,23.3,831.3,407.0,0.291,147.2,0.505,0.463,3.222
2016,Gujarat,Maize,23.86,591.5,406.8,0.387,128.3,0.572,0.416,2.599
2016,Gujarat,Soybean,22.91,1083.4,404.8,0.356,143.8,0.533,0.383,1.9
2016,Gujarat,Cotton,22.94,1032.5,404.8,0.246,138.0,0.483,0.359,1.151
2016,Uttar Pradesh,Wheat,23.46,947.4,406.1,0.462,139.2,0.568,0.39,3.342
2016,Uttar Pradesh,Rice,20.54,904.5,406.1,0.424,133.3,0.539,0.495,4.11
2016,Uttar Pradesh,Maize,22.1,819.1,407.5,0.352,147.6,0.512,0.432,2.74
2016,Uttar Pradesh,Soybean,23.34,913.1,404.9,0.475,124.2,0.521,0.493,1.545
2016,Uttar Pradesh,Cotton,23.06,805.4,409.3,0.344,139.7,0.553,0.503,1.467
2016,Madhya Pradesh,Wheat,22.2,862.8,411.2,0.357,122.4,0.54,0.42,3.081
2016,Madhya Pradesh,Rice,20.75,874.1,406.6,0.404,142.3,0.536,0.45,3.741
2016,Madhya Pradesh,Maize,23.09,1084.7,407.2,0.369,122.9,0.477,0.493,2.878
2016,Madhya Pradesh,Soybean,23.17,916.6,411.0,0.368,142.4,0.519,0.43,1.867
2016,Madhya Pradesh,Cotton,22.97,974.8,407.0,0.39,156.7,0.556,0.496,1.688
2016,Bihar,Wheat,23.69,994.2,406.9,0.377,132.0,0.425,0.471,2.981
2016,Bihar,Rice,24.39,934.3,403.2,0.39,122.3,0.534,0.475,3.443
2016,Bihar,Maize,21.53,936.1,402.7,0.427,138.0,0.535,0.46,3.096
2016,Bihar,Soybean,24.41,897.8,407.2,0.338,124.1,0.523,0.515,1.428
2016,Bihar,Cotton,22.2,883.2,405.2,0.407,117.8,0.558,0.427,1.805
2017,Maharashtra,Wheat,20.99,1014.3,411.1,0.441,123.7,0.547,0.411,3.571
2017,Maharashtra,Rice,23.75,1029.6,409.1,0.373,140.1,0.541,0.354,3.703
2017,Maharashtra,Maize,22.48,1078.3,405.8,0.263,136.4,0.549,0.385,2.767
2017,Maharashtra,Soybean,25.82,897.3,411.3,0.39,112.7,0.535,0.457,1.34
2017,Maharashtra,Cotton,22.37,965.7,408.6,0.359,138.5,0.482,0.367,1.83
2017,Punjab,Wheat,23.12,927.1,404.9,0.387,131.0,0.492,0.433,3.263
2017,Punjab,Rice,24.22,883.7,411.4,0.326,140.2,0.516,0.485,3.182
2017,Punjab,Maize,24.09,829.1,411.0,0.408,132.0,0.534,0.428,2.637
2017,Punjab,Soybean,22.43,962.9,409.4,0.462,142.8,0.508,0.513,1.755
2017,Punjab,Cotton,23.22,1008.4,403.4,0.427,128.9,0.517,0.538,1.489
2017,Karnataka,Wheat,21.54,943.1,411.2,0.415,145.3,0.556,0.361,3.469
2017,Karnataka,Rice,21.84,991.5,401.2,0.55,138.9,0.544,0.529,4.187
2017,Karnataka,Maize,23.55,1047.9,409.5,0.415,128.8,0.515,0.436,2.655
2017,Karnataka,Soybean,22.42,731.8,409.7,0.42,135.1,0.524,0.624,1.801
2017,Karnataka,Cotton,21.02,961.9,407.3,0.371,120.2,0.553,0.436,1.997
2017,Gujarat,Wheat,23.7,1098.9,406.5,0.446,139.9,0.526,0.431,3.592
2017,Gujarat,Rice,22.78,1010.3,406.6,0.361,127.9,0.536,0.417,3.584
2017,Gujarat,Maize,20.48,799.6,411.1,0.452,129.7,0.509,0.419,3.029
2017,Gujarat,Soybean,23.28,1045.4,407.6,0.364,136.3,0.515,0.444,2.032
2017,Gujarat,Cotton,23.5,953.0,405.3,0.433,144.2,0.529,0.538,1.75
2017,Uttar Pradesh,Wheat,24.51,970.6,410.9,0.493,138.1,0.525,0.448,3.227
2017,Uttar Pradesh,Rice,20.96,916.8,412.4,0.312,148.9,0.574,0.447,3.8
2017,Uttar Pradesh,Maize,22.51,1081.6,412.0,0.352,139.5,0.534,0.474,2.827
2017,Uttar Pradesh,Soybean,24.61,1058.8,406.9,0.355,129.7,0.553,0.482,1.845
2017,Uttar Pradesh,Cotton,23.46,1050.3,410.1,0.353,131.6,0.572,0.467,1.694
2017,Madhya Pradesh,Wheat,22.13,810.4,408.7,0.438,127.0,0.533,0.423,3.455
2017,Madhya Pradesh,Rice,22.16,1108.3,413.7,0.418,123.5,0.477,0.396,3.567
2017,Madhya Pradesh,Maize,24.16,947.9,410.3,0.311,121.6,0.567,0.484,2.541
2017,Madhya Pradesh,Soybean,23.19,1130.3,408.4,0.426,135.5,0.612,0.365,2.236
2017,Madhya Pradesh,Cotton,22.37,1002.0,407.1,0.42,140.7,0.633,0.51,1.691
2017,Bihar,Wheat,22.0,879.6,403.7,0.406,140.9,0.502,0.522,3.303
2017,Bihar,Rice,21.63,917.0,413.9,0.459,133.7,0.533,0.474,3.651
2017,Bihar,Maize,19.98,1179.1,409.6,0.442,133.0,0.518,0.461,3.171
2017,Bihar,Soybean,25.24,785.9,406.0,0.4,146.5,0.54,0.408,1.694
2017,Bihar,Cotton,23.39,998.6,411.2,0.542,155.5,0.519,0.551,1.801
2018,Maharashtra,Wheat,23.14,732.9,410.9,0.414,142.7,0.592,0.376,3.194
2018,Maharashtra,Rice,23.89,913.6,413.6,0.473,137.8,0.552,0.419,3.375
2018,Maharashtra,Maize,23.39,938.3,411.0,0.434,131.3,0.591,0.463,2.653
2018,Maharashtra,Soybean,23.43,911.4,411.5,0.535,134.2,0.569,0.421,1.942
2018,Maharashtra,Cotton,23.27,749.4,412.0,0.46,134.8,0.591,0.497,1.747
2018,Punjab,Wheat,21.35,952.3,411.7,0.402,144.0,0.63,0.479,3.589
2018,Punjab,Rice,22.64,850.4,405.9,0.42,120.5,0.611,0.474,3.486
2018,Punjab,Maize,23.61,801.4,409.1,0.458,144.7,0.575,0.492,2.746
2018,Punjab,Soybean,23.02,960.2,408.3,0.457,123.7,0.562,0.456,2.291
2018,Punjab,Cotton,22.49,767.5,411.0,0.481,151.1,0.542,0.401,1.86
2018,Karnataka,Wheat,20.88,883.7,410.6,0.452,141.3,0.539,0.466,3.505
2018,Karnataka,Rice,22.72,947.7,412.7,0.497,138.3,0.574,0.401,3.782
2018,Karnataka,Maize,23.12,1023.5,409.3,0.422,128.7,0.576,0.532,2.8
2018,Karnataka,Soybean,23.63,950.8,411.0,0.444,141.9,0.57,0.594,1.606
2018,Karnataka,Cotton,23.16,872.5,408.8,0.454,135.8,0.648,0.471,1.53
2018,Gujarat,Wheat,22.87,687.0,411.1,0.456,142.3,0.589,0.455,3.147
2018,Gujarat,Rice,21.62,800.6,412.3,0.391,130.3,0.53,0.507,3.785
2018,Gujarat,Maize,20.98,713.6,411.0,0.456,136.6,0.547,0.47,3.014
2018,Gujarat,Soybean,23.79,701.4,410.3,0.466,125.2,0.612,0.448,1.666
2018,Gujarat,Cotton,23.21,865.0,405.9,0.434,144.7,0.55,0.438,1.77
2018,Uttar Pradesh,Wheat,22.14,874.8,411.8,0.494,158.2,0.585,0.538,3.33
2018,Uttar Pradesh,Rice,21.31,943.5,411.7,0.401,132.6,0.572,0.498,3.8
2018,Uttar Pradesh,Maize,22.89,875.2,409.9,0.395,152.2,0.56,0.469,2.689
2018,Uttar Pradesh,Soybean,26.06,807.2,410.1,0.476,140.4,0.589,0.57,1.474
2018,Uttar Pradesh,Cotton,21.27,905.2,412.3,0.558,120.4,0.596,0.489,2.116
2018,Madhya Pradesh,Wheat,22.42,834.9,413.7,0.488,144.1,0.56,0.45,3.132
2018,Madhya Pradesh,Rice,23.52,986.9,408.5,0.428,129.7,0.516,0.439,3.356
2018,Madhya Pradesh,Maize,22.05,847.4,406.5,0.556,146.9,0.537,0.494,3.11
2018,Madhya Pradesh,Soybean,23.97,837.8,414.7,0.428,121.0,0.582,0.545,1.985
2018,Madhya Pradesh,Cotton,21.1,1019.9,410.2,0.494,119.7,0.522,0.441,2.019
2018,Bihar,Wheat,21.77,1015.1,414.5,0.485,150.6,0.572,0.419,3.84
2018,Bihar,Rice,21.81,1045.3,416.1,0.478,119.4,0.532,0.546,3.713
2018,Bihar,Maize,22.64,1027.1,413.5,0.469,132.3,0.551,0.523,3.057
2018,Bihar,Soybean,22.23,1065.9,411.0,0.412,126.8,0.531,0.466,2.194
2018,Bihar,Cotton,21.57,958.6,409.4,0.442,119.3,0.553,0.47,1.917
2019,Maharashtra,Wheat,22.84,794.2,417.0,0.498,137.2,0.58,0.464,3.319
2019,Maharashtra,Rice,23.14,728.4,412.1,0.475,137.8,0.616,0.451,3.434
2019,Maharashtra,Maize,21.95,841.8,412.7,0.526,124.7,0.593,0.405,3.016
2019,Maharashtra,Soybean,22.17,1139.0,412.9,0.377,115.2,0.581,0.521,2.057
2019,Maharashtra,Cotton,22.77,1077.5,412.1,0.532,118.9,0.553,0.4,1.918
2019,Punjab,Wheat,22.51,951.7,413.9,0.441,133.3,0.535,0.558,3.208
2019,Punjab,Rice,21.98,1128.7,410.0,0.431,124.2,0.578,0.512,3.914
2019,Punjab,Maize,25.66,668.1,415.5,0.46,129.3,0.561,0.445,2.64
2019,Punjab,Soybean,23.58,940.8,417.8,0.412,121.9,0.515,0.455,1.761
2019,Punjab,Cotton,22.69,955.9,409.5,0.528,137.6,0.602,0.395,1.992
2019,Karnataka,Wheat,21.14,890.3,415.3,0.492,126.7,0.58,0.413,3.756
2019,Karnataka,Rice,22.32,1072.2,412.1,0.461,127.6,0.606,0.455,3.931
2019,Karnataka,Maize,22.11,700.9,412.0,0.428,135.5,0.544,0.536,2.703
2019,Karnataka,Soybean,22.36,1016.7,416.6,0.486,127.5,0.527,0.456,1.961
2019,Karnataka,Cotton,22.7,896.6,415.8,0.457,134.6,0.616,0.507,1.711
2019,Gujarat,Wheat,21.85,862.0,411.1,0.46,142.8,0.573,0.423,3.72
2019,Gujarat,Rice,22.95,769.2,412.4,0.493,152.2,0.547,0.539,3.69
2019,Gujarat,Maize,21.82,904.7,410.6,0.477,134.8,0.6,0.545,2.896
2019,Gujarat,Soybean,20.21,935.5,414.6,0.5,131.9,0.584,0.566,2.274
2019,Gujarat,Cotton,22.12,878.0,413.2,0.569,133.4,0.579,0.466,2.078
2019,Uttar Pradesh,Wheat,24.92,992.1,413.9,0.489,111.4,0.602,0.497,3.184
2019,Uttar Pradesh,Rice,21.72,891.9,412.5,0.538,131.4,0.642,0.512,3.65
2019,Uttar Pradesh,Maize,22.42,859.8,407.1,0.567,142.2,0.596,0.498,2.853
2019,Uttar Pradesh,Soybean,21.99,1039.0,410.5,0.361,132.9,0.576,0.497,2.084
2019,Uttar Pradesh,Cotton,23.34,969.1,417.3,0.411,140.2,0.599,0.428,1.491
2019,Madhya Pradesh,Wheat,21.67,858.6,416.0,0.457,126.6,0.562,0.546,3.32
2019,Madhya Pradesh,Rice,22.35,924.8,417.6,0.45,148.4,0.586,0.482,4.078
2019,Madhya Pradesh,Maize,21.3,895.6,410.0,0.535,152.1,0.63,0.551,3.155
2019,Madhya Pradesh,Soybean,22.13,737.5,419.8,0.511,130.3,0.62,0.441,2.042
2019,Madhya Pradesh,Cotton,22.36,1014.6,413.5,0.415,136.0,0.611,0.489,1.935
2019,Bihar,Wheat,21.32,934.8,411.8,0.525,135.5,0.601,0.544,3.656
2019,Bihar,Rice,22.9,818.2,413.7,0.461,131.8,0.569,0.441,3.26
2019,Bihar,Maize,21.77,961.2,409.7,0.488,154.2,0.611,0.572,3.153
2019,Bihar,Soybean,23.97,851.1,411.8,0.35,147.1,0.626,0.462,1.637
2019,Bihar,Cotton,21.67,983.9,417.1,0.4,139.3,0.572,0.496,1.9
2020,Maharashtra,Wheat,22.37,927.6,415.4,0.564,140.2,0.607,0.436,3.523
2020,Maharashtra,Rice,23.68,944.5,418.0,0.604,146.4,0.603,0.474,3.378
2020,Maharashtra,Maize,22.4,900.9,417.2,0.508,132.8,0.547,0.453,3.083
2020,Maharashtra,Soybean,24.66,928.3,417.0,0.563,127.9,0.611,0.463,1.991
2020,Maharashtra,Cotton,22.78,975.8,413.7,0.551,156.8,0.57,0.483,1.949
2020,Punjab,Wheat,23.54,872.9,407.5,0.584,143.6,0.548,0.47,3.58
2020,Punjab,Rice,24.34,1052.6,415.5,0.52,134.7,0.634,0.456,3.563
2020,Punjab,Maize,23.81,934.7,420.1,0.482,135.5,0.572,0.5,2.601
2020,Punjab,Soybean,22.01,767.6,418.1,0.552,118.7,0.64,0.625,1.902
2020,Punjab,Cotton,21.83,1278.9,412.0,0.517,137.8,0.64,0.518,2.141
2020,Karnataka,Wheat,21.46,899.0,413.0,0.518,130.4,0.555,0.563,3.361
2020,Karnataka,Rice,21.08,919.8,416.2,0.428,139.3,0.569,0.586,3.779
2020,Karnataka,Maize,22.12,850.6,415.7,0.546,135.7,0.593,0.503,2.958
2020,Karnataka,Soybean,22.19,689.7,418.9,0.531,128.3,0.657,0.504,1.773
2020,Karnataka,Cotton,23.63,987.8,417.2,0.494,140.5,0.592,0.528,1.416
2020,Gujarat,Wheat,22.08,1146.7,413.7,0.486,131.5,0.564,0.39,3.651
2020,Gujarat,Rice,22.76,933.7,415.6,0.518,146.2,0.594,0.471,3.711
2020,Gujarat,Maize,23.3,1109.4,414.1,0.521,139.4,0.57,0.501,2.853
2020,Gujarat,Soybean,20.48,984.0,414.8,0.526,135.8,0.571,0.498,2.129
2020,Gujarat,Cotton,24.27,777.3,415.4,0.464,141.7,0.59,0.474,1.595
2020,Uttar Pradesh,Wheat,22.64,1002.0,413.1,0.445,137.1,0.59,0.531,3.348
2020,Uttar Pradesh,Rice,22.85,745.2,421.7,0.507,143.0,0.575,0.515,3.326
2020,Uttar Pradesh,Maize,23.14,897.3,416.1,0.551,123.7,0.579,0.523,3.23
2020,Uttar Pradesh,Soybean,22.43,1010.9,415.7,0.613,118.5,0.603,0.419,1.891
2020,Uttar Pradesh,Cotton,22.96,956.7,415.1,0.51,167.0,0.592,0.526,1.733
2020,Madhya Pradesh,Wheat,22.95,911.4,414.8,0.607,147.8,0.604,0.385,3.553
2020,Madhya Pradesh,Rice,25.84,912.3,419.3,0.588,138.2,0.575,0.378,3.607
2020,Madhya Pradesh,Maize,21.62,961.1,412.3,0.502,136.3,0.608,0.444,3.387
2020,Madhya Pradesh,Soybean,21.88,739.1,415.7,0.517,137.6,0.641,0.488,1.99
2020,Madhya Pradesh,Cotton,21.28,1038.5,416.6,0.495,117.0,0.643,0.439,2.01
2020,Bihar,Wheat,23.03,796.4,411.5,0.41,143.2,0.584,0.646,2.858
2020,Bihar,Rice,21.49,872.2,416.7,0.492,142.1,0.571,0.431,3.566
2020,Bihar,Maize,19.93,877.8,415.1,0.484,148.4,0.637,0.483,3.066
2020,Bihar,Soybean,21.92,868.0,414.0,0.481,129.5,0.588,0.468,2.053
2020,Bihar,Cotton,23.03,830.7,419.8,0.467,119.8,0.611,0.459,1.699
2021,Maharashtra,Wheat,19.75,1109.1,420.3,0.462,122.0,0.67,0.473,3.776
2021,Maharashtra,Rice,19.91,899.9,417.6,0.573,122.8,0.574,0.533,4.168
2021,Maharashtra,Maize,20.74,1071.8,418.4,0.591,136.1,0.544,0.502,3.566
2021,Maharashtra,Soybean,21.56,895.4,417.8,0.392,153.5,0.593,0.535,1.96
2021,Maharashtra,Cotton,24.14,990.7,417.6,0.492,144.8,0.564,0.542,1.448
2021,Punjab,Wheat,24.13,961.4,420.2,0.541,119.3,0.594,0.544,3.247
2021,Punjab,Rice,24.05,990.4,415.4,0.497,137.8,0.551,0.594,3.524
2021,Punjab,Maize,24.1,752.3,422.0,0.648,123.6,0.643,0.51,2.635
2021,Punjab,Soybean,23.22,1042.0,416.5,0.595,120.1,0.575,0.517,2.073
2021,Punjab,Cotton,21.77,1039.2,419.9,0.58,135.6,0.638,0.488,2.44
2021,Karnataka,Wheat,21.65,1194.6,418.4,0.468,150.5,0.624,0.553,3.879
2021,Karnataka,Rice,23.04,870.9,421.2,0.537,143.7,0.555,0.532,3.509
2021,Karnataka,Maize,24.61,1016.8,419.0,0.561,126.8,0.669,0.61,2.906
2021,Karnataka,Soybean,24.54,873.7,415.9,0.539,141.1,0.608,0.537,1.805
2021,Karnataka,Cotton,21.43,1004.3,420.9,0.545,148.3,0.583,0.533,1.869
2021,Gujarat,Wheat,21.29,866.3,415.5,0.509,134.7,0.645,0.494,3.325
2021,Gujarat,Rice,24.0,841.5,418.1,0.559,138.8,0.653,0.534,3.429
2021,Gujarat,Maize,25.24,965.3,417.9,0.585,139.3,0.632,0.635,2.691
2021,Gujarat,Soybean,22.25,956.0,421.5,0.461,117.1,0.602,0.428,1.991
2021,Gujarat,Cotton,23.23,835.1,414.0,0.54,145.4,0.569,0.551,1.773
2021,Uttar Pradesh,Wheat,23.77,1088.2,424.9,0.519,137.9,0.608,0.51,3.65
2021,Uttar Pradesh,Rice,21.02,838.7,422.4,0.588,133.2,0.646,0.527,4.164
2021,Uttar Pradesh,Maize,22.72,1065.1,426.2,0.567,137.3,0.642,0.492,3.587
2021,Uttar Pradesh,Soybean,22.85,909.2,415.8,0.592,145.5,0.605,0.539,1.832
2021,Uttar Pradesh,Cotton,22.85,996.3,423.4,0.498,124.0,0.593,0.443,2.054
2021,Madhya Pradesh,Wheat,24.49,980.4,422.0,0.543,135.8,0.61,0.494,3.056
2021,Madhya Pradesh,Rice,22.95,937.2,420.5,0.541,135.2,0.594,0.514,3.815
2021,Madhya Pradesh,Maize,21.26,952.5,419.0,0.501,130.9,0.627,0.453,3.294
2021,Madhya Pradesh,Soybean,21.56,1069.5,425.3,0.494,142.1,0.598,0.562,2.006
2021,Madhya Pradesh,Cotton,23.21,837.2,417.7,0.485,145.0,0.595,0.538,1.572
2021,Bihar,Wheat,22.49,959.7,416.0,0.547,152.1,0.597,0.569,3.693
2021,Bihar,Rice,21.65,767.4,419.2,0.509,155.5,0.621,0.47,3.615
2021,Bihar,Maize,23.94,873.5,418.4,0.585,132.0,0.619,0.509,3.005
2021,Bihar,Soybean,23.34,915.6,418.5,0.518,122.0,0.628,0.605,1.697
2021,Bihar,Cotton,21.7,837.5,420.5,0.559,135.2,0.592,0.515,1.659
2022,Maharashtra,Wheat,22.83,1048.6,416.8,0.472,153.4,0.622,0.577,3.4
2022,Maharashtra,Rice,22.47,996.6,417.9,0.555,133.8,0.6,0.537,3.766
2022,Maharashtra,Maize,22.47,798.8,425.4,0.592,147.2,0.631,0.434,3.433
2022,Maharashtra,Soybean,22.59,854.1,421.9,0.607,137.4,0.678,0.574,1.916
2022,Maharashtra,Cotton,21.85,1058.9,412.5,0.541,123.3,0.626,0.505,1.984
2022,Punjab,Wheat,22.0,812.3,427.5,0.642,126.0,0.687,0.5,3.63
2022,Punjab,Rice,22.58,864.8,423.6,0.555,132.8,0.601,0.475,3.496
2022,Punjab,Maize,22.67,800.4,419.8,0.617,149.6,0.639,0.516,3.363
2022,Punjab,Soybean,23.28,904.7,416.3,0.568,145.9,0.621,0.535,1.937
2022,Punjab,Cotton,22.44,645.5,419.9,0.597,131.3,0.642,0.482,1.811
2022,Karnataka,Wheat,22.4,831.3,424.6,0.595,131.6,0.655,0.547,3.559
2022,Karnataka,Rice,20.63,1064.8,418.9,0.53,164.0,0.649,0.501,3.853
2022,Karnataka,Maize,24.33,782.6,417.6,0.532,151.8,0.663,0.512,2.838
2022,Karnataka,Soybean,21.94,960.8,420.8,0.597,147.3,0.655,0.502,2.405
2022,Karnataka,Cotton,22.55,814.2,419.4,0.552,146.7,0.634,0.46,1.879
2022,Gujarat,Wheat,22.8,966.3,423.4,0.599,131.7,0.622,0.468,3.677
2022,Gujarat,Rice,24.4,906.2,419.9,0.622,142.7,0.653,0.46,3.813
2022,Gujarat,Maize,21.55,807.9,419.6,0.519,135.4,0.597,0.568,3.165
2022,Gujarat,Soybean,20.32,1061.4,418.2,0.591,136.9,0.641,0.511,2.702
2022,Gujarat,Cotton,21.17,1016.9,423.9,0.584,160.8,0.624,0.568,2.145
2022,Uttar Pradesh,Wheat,24.14,943.1,419.4,0.614,132.7,0.598,0.494,3.46
2022,Uttar Pradesh,Rice,24.33,957.3,424.6,0.48,133.2,0.631,0.514,3.521
2022,Uttar Pradesh,Maize,23.49,890.6,421.0,0.546,128.3,0.637,0.513,2.904
2022,Uttar Pradesh,Soybean,22.7,953.1,419.3,0.612,125.9,0.618,0.659,1.845
2022,Uttar Pradesh,Cotton,21.04,1032.1,414.4,0.536,159.1,0.594,0.421,2.007
2022,Madhya Pradesh,Wheat,23.74,1079.0,419.1,0.582,151.5,0.694,0.508,3.244
2022,Madhya Pradesh,Rice,21.67,892.8,419.8,0.539,148.8,0.678,0.511,4.079
2022,Madhya Pradesh,Maize,23.09,951.7,423.3,0.552,158.2,0.597,0.494,3.06
2022,Madhya Pradesh,Soybean,23.19,1096.2,420.5,0.477,146.0,0.663,0.423,2.183
2022,Madhya Pradesh,Cotton,20.75,864.2,417.9,0.589,138.8,0.601,0.564,1.818
2022,Bihar,Wheat,23.06,846.3,419.5,0.573,142.8,0.68,0.516,3.485
2022,Bihar,Rice,22.13,965.8,421.9,0.543,119.6,0.65,0.538,3.717
2022,Bihar,Maize,21.12,1121.1,422.1,0.537,126.2,0.615,0.585,3.322
2022,Bihar,Soybean,22.0,1005.2,418.2,0.623,151.1,0.626,0.489,1.957
2022,Bihar,Cotton,20.88,783.3,421.0,0.532,124.1,0.632,0.545,1.977
2023,Maharashtra,Wheat,20.41,930.6,418.7,0.594,146.2,0.633,0.492,3.77
2023,Maharashtra,Rice,19.99,986.3,422.1,0.597,127.4,0.641,0.455,4.092
2023,Maharashtra,Maize,21.27,1065.5,420.8,0.555,134.6,0.622,0.522,3.429
2023,Maharashtra,Soybean,21.24,1043.1,420.4,0.525,143.7,0.64,0.532,2.264
2023,Maharashtra,Cotton,22.85,660.3,417.4,0.58,148.8,0.633,0.518,1.738
2023,Punjab,Wheat,23.52,702.7,420.2,0.532,145.4,0.735,0.519,3.054
2023,Punjab,Rice,23.17,1104.5,423.2,0.504,148.0,0.68,0.479,3.95
2023,Punjab,Maize,23.89,1087.8,422.7,0.531,150.7,0.624,0.552,2.816
2023,Punjab,Soybean,23.97,915.0,426.7,0.574,126.2,0.703,0.608,2.022
2023,Punjab,Cotton,21.78,909.3,423.3,0.514,155.3,0.664,0.395,2.145
2023,Karnataka,Wheat,22.27,937.0,421.8,0.589,149.6,0.668,0.513,3.626
2023,Karnataka,Rice,22.71,849.7,424.6,0.572,153.8,0.698,0.496,3.96
2023,Karnataka,Maize,21.55,1029.5,421.4,0.498,141.2,0.58,0.442,3.232
2023,Karnataka,Soybean,22.79,901.7,418.2,0.508,142.3,0.677,0.529,2.194
2023,Karnataka,Cotton,23.17,856.3,422.1,0.479,137.3,0.693,0.564,1.887
2023,Gujarat,Wheat,22.33,1107.5,422.3,0.623,138.2,0.681,0.604,3.679
2023,Gujarat,Rice,22.95,1100.7,422.5,0.483,159.8,0.646,0.538,4.008
2023,Gujarat,Maize,21.96,825.1,423.7,0.459,135.5,0.667,0.517,2.761
2023,Gujarat,Soybean,24.6,958.4,427.2,0.536,129.6,0.668,0.519,1.686
2023,Gujarat,Cotton,24.45,871.3,417.4,0.615,133.4,0.642,0.442,2.018
2023,Uttar Pradesh,Wheat,21.14,953.0,425.6,0.57,137.8,0.609,0.49,3.738
2023,Uttar Pradesh,Rice,21.75,970.4,424.9,0.597,126.1,0.726,0.568,3.982
2023,Uttar Pradesh,Maize,24.0,1229.8,418.6,0.538,114.6,0.666,0.548,3.086
2023,Uttar Pradesh,Soybean,21.9,700.1,424.0,0.622,132.5,0.673,0.452,2.22
2023,Uttar Pradesh,Cotton,22.22,854.5,420.6,0.529,142.2,0.621,0.51,1.843
2023,Madhya Pradesh,Wheat,21.37,1161.6,420.3,0.515,128.6,0.714,0.558,3.644
2023,Madhya Pradesh,Rice,24.02,970.1,423.7,0.532,130.9,0.67,0.503,3.927
2023,Madhya Pradesh,Maize,21.17,1130.3,422.6,0.564,146.7,0.641,0.573,3.002
2023,Madhya Pradesh,Soybean,21.83,835.1,419.1,0.538,142.3,0.681,0.542,2.011
2023,Madhya Pradesh,Cotton,23.13,960.9,425.7,0.588,138.7,0.633,0.497,1.83
2023,Bihar,Wheat,22.31,978.2,425.0,0.546,138.6,0.664,0.504,3.454
2023,Bihar,Rice,20.58,862.6,424.3,0.514,136.0,0.674,0.556,3.763
2023,Bihar,Maize,23.89,1081.3,419.5,0.508,150.3,0.656,0.419,2.921
2023,Bihar,Soybean,22.39,806.4,421.7,0.551,153.0,0.651,0.584,2.211
2023,Bihar,Cotton,24.41,980.2,417.0,0.572,148.9,0.658,0.617,1.812
2024,Maharashtra,Wheat,23.4,1078.4,426.2,0.414,134.2,0.716,0.5,3.387
2024,Maharashtra,Rice,21.47,1162.1,430.2,0.495,140.7,0.66,0.571,4.099
2024,Maharashtra,Maize,23.69,987.8,434.0,0.487,122.1,0.668,0.462,2.753
2024,Maharashtra,Soybean,21.52,837.3,422.3,0.565,134.1,0.675,0.585,2.008
2024,Maharashtra,Cotton,22.4,991.9,419.4,0.419,142.7,0.695,0.643,1.769
2024,Punjab,Wheat,23.7,924.5,426.1,0.622,118.0,0.692,0.647,3.37
2024,Punjab,Rice,24.7,872.5,425.1,0.54,117.0,0.645,0.485,3.597
2024,Punjab,Maize,23.77,986.9,427.7,0.531,151.2,0.68,0.543,2.971
2024,Punjab,Soybean,23.54,897.5,428.1,0.482,128.2,0.701,0.536,1.817
2024,Punjab,Cotton,23.79,875.1,424.6,0.609,154.6,0.727,0.526,2.055
2024,Karnataka,Wheat,21.58,839.2,418.1,0.622,130.6,0.676,0.494,3.764
2024,Karnataka,Rice,22.27,791.4,426.5,0.467,130.8,0.617,0.469,3.659
2024,Karnataka,Maize,20.36,770.3,425.2,0.512,159.1,0.735,0.497,3.407
2024,Karnataka,Soybean,23.62,876.3,420.7,0.538,137.5,0.667,0.562,1.778
2024,Karnataka,Cotton,21.34,961.1,426.4,0.48,148.5,0.627,0.511,1.962
2024,Gujarat,Wheat,21.96,880.2,430.8,0.496,163.6,0.693,0.545,3.608
2024,Gujarat,Rice,25.76,828.8,421.8,0.501,139.5,0.628,0.541,3.498
2024,Gujarat,Maize,22.9,912.9,423.3,0.584,130.9,0.735,0.637,3.075
2024,Gujarat,Soybean,22.71,1071.7,428.5,0.498,133.9,0.64,0.56,2.186
2024,Gujarat,Cotton,21.1,893.4,421.2,0.494,144.7,0.658,0.525,1.75
2024,Uttar Pradesh,Wheat,22.94,942.7,423.0,0.529,141.0,0.656,0.466,3.77
2024,Uttar Pradesh,Rice,21.96,936.4,428.2,0.715,126.8,0.693,0.505,4.025
2024,Uttar Pradesh,Maize,21.86,812.9,425.1,0.465,148.7,0.682,0.561,2.931
2024,Uttar Pradesh,Soybean,22.28,982.5,421.7,0.521,130.6,0.653,0.435,2.407
2024,Uttar Pradesh,Cotton,21.9,1087.6,428.4,0.474,128.3,0.757,0.628,1.984
2024,Madhya Pradesh,Wheat,23.03,872.3,426.5,0.503,118.9,0.64,0.541,3.109
2024,Madhya Pradesh,Rice,22.64,819.0,422.9,0.581,141.7,0.68,0.584,3.786
2024,Madhya Pradesh,Maize,24.46,892.8,423.9,0.474,134.9,0.709,0.605,2.861
2024,Madhya Pradesh,Soybean,20.57,1078.0,419.7,0.584,135.5,0.701,0.473,2.751
2024,Madhya Pradesh,Cotton,20.96,867.8,422.2,0.451,140.1,0.734,0.673,1.872
2024,Bihar,Wheat,24.06,975.9,426.7,0.522,141.2,0.696,0.511,3.365
2024,Bihar,Rice,22.65,1047.2,422.0,0.536,158.3,0.715,0.607,3.885
2024,Bihar,Maize,23.11,1068.3,429.9,0.441,126.0,0.719,0.526,2.945
2024,Bihar,Soybean,21.22,881.4,421.0,0.643,139.0,0.678,0.569,2.459
2024,Bihar,Cotton,23.86,1076.8,423.3,0.524,146.9,0.664,0.54,1.903
